{
  "cv_results": {
    "cv_auc_scores": [
      0.7780454969972099,
      0.7692531924279554,
      0.7675712790149319,
      0.7568452259493397,
      0.7724773717862763
    ],
    "cv_auc_mean": 0.7688385132351427,
    "cv_auc_std": 0.006980352754291966
  },
  "train_results": {
    "train_auc": 0.7702376314165972,
    "test_auc": 0.76683712018156,
    "confusion_matrix": [
      [
        7541,
        3555
      ],
      [
        2617,
        6287
      ]
    ],
    "classification_report": {
      "0": {
        "precision": 0.7423705453829494,
        "recall": 0.6796142754145638,
        "f1-score": 0.7096076032746778,
        "support": 11096.0
      },
      "1": {
        "precision": 0.6387929282666125,
        "recall": 0.7060871518418689,
        "f1-score": 0.6707564280379814,
        "support": 8904.0
      },
      "accuracy": 0.6914,
      "macro avg": {
        "precision": 0.690581736824781,
        "recall": 0.6928507136282163,
        "f1-score": 0.6901820156563296,
        "support": 20000.0
      },
      "weighted avg": {
        "precision": 0.6962577902427561,
        "recall": 0.6914,
        "f1-score": 0.6923110600593005,
        "support": 20000.0
      }
    }
  },
  "feature_importance": {
    "top_features": [
      [
        "interaction_density",
        1.143866325094752
      ],
      [
        "action_entropy",
        1.105066840086642
      ],
      [
        "scroll_down_count",
        0.7339351583269835
      ],
      [
        "scroll_up_count",
        0.5027047371788748
      ],
      [
        "session_duration",
        0.2420775943259434
      ],
      [
        "attention_score",
        0.21772954845679496
      ],
      [
        "scroll_velocity_avg",
        0.21378135860073696
      ],
      [
        "scroll_depth_max",
        0.18633433270211167
      ],
      [
        "burstiness_score",
        0.09250340036718681
      ],
      [
        "avg_time_between_actions",
        0.06803623471446453
      ],
      [
        "time_since_last_action",
        0.0052754550950888865
      ],
      [
        "engagement_rhythm",
        0.0024793572525353123
      ]
    ],
    "all_importances": {
      "time_since_last_action": 0.0052754550950888865,
      "avg_time_between_actions": 0.06803623471446453,
      "session_duration": 0.2420775943259434,
      "scroll_down_count": 0.7339351583269835,
      "scroll_up_count": 0.5027047371788748,
      "scroll_depth_max": 0.18633433270211167,
      "interaction_density": 1.143866325094752,
      "attention_score": 0.21772954845679496,
      "scroll_velocity_avg": 0.21378135860073696,
      "action_entropy": 1.105066840086642,
      "burstiness_score": 0.09250340036718681,
      "engagement_rhythm": 0.0024793572525353123
    }
  },
  "n_samples": 100000,
  "positive_ratio": 0.4452,
  "model_path": "/home/acreomarino/privads/models/interaction_predictor.pkl",
  "scaler_path": "/home/acreomarino/privads/models/interaction_scaler.pkl"
}