{
  "cv_results": {
    "cv_auc_scores": [
      0.6965805691930274,
      0.7546859860339239,
      0.7460323647662853,
      0.7993571359128913,
      0.7416077273316483
    ],
    "cv_auc_mean": 0.7476527566475553,
    "cv_auc_std": 0.03277299355104591
  },
  "train_results": {
    "train_auc": 1.0,
    "test_auc": 0.8648037469663726,
    "confusion_matrix": [
      [
        933,
        178
      ],
      [
        251,
        638
      ]
    ],
    "classification_report": {
      "0": {
        "precision": 0.7880067567567568,
        "recall": 0.8397839783978398,
        "f1-score": 0.8130718954248366,
        "support": 1111.0
      },
      "1": {
        "precision": 0.7818627450980392,
        "recall": 0.7176602924634421,
        "f1-score": 0.7483870967741936,
        "support": 889.0
      },
      "accuracy": 0.7855,
      "macro avg": {
        "precision": 0.7849347509273981,
        "recall": 0.778722135430641,
        "f1-score": 0.780729496099515,
        "support": 2000.0
      },
      "weighted avg": {
        "precision": 0.7852757435744567,
        "recall": 0.7855,
        "f1-score": 0.7843195024246259,
        "support": 2000.0
      }
    }
  },
  "feature_importance": {
    "top_features": [
      [
        "action_entropy",
        0.17521323073433892
      ],
      [
        "avg_time_between_actions",
        0.11123720381990447
      ],
      [
        "scroll_velocity_avg",
        0.10811404614026443
      ],
      [
        "burstiness_score",
        0.10112518911026838
      ],
      [
        "session_duration",
        0.0876716787175208
      ],
      [
        "interaction_density",
        0.07690846969706218
      ],
      [
        "time_since_last_action",
        0.075414930389403
      ],
      [
        "scroll_depth_max",
        0.07416829212146803
      ],
      [
        "scroll_down_count",
        0.05581396302514986
      ],
      [
        "scroll_up_count",
        0.0554165759796515
      ],
      [
        "engagement_rhythm",
        0.0456035267639877
      ],
      [
        "attention_score",
        0.03331289350098077
      ]
    ],
    "all_importances": {
      "time_since_last_action": 0.075414930389403,
      "avg_time_between_actions": 0.11123720381990447,
      "session_duration": 0.0876716787175208,
      "scroll_down_count": 0.05581396302514986,
      "scroll_up_count": 0.0554165759796515,
      "scroll_depth_max": 0.07416829212146803,
      "interaction_density": 0.07690846969706218,
      "attention_score": 0.03331289350098077,
      "scroll_velocity_avg": 0.10811404614026443,
      "action_entropy": 0.17521323073433892,
      "burstiness_score": 0.10112518911026838,
      "engagement_rhythm": 0.0456035267639877
    }
  },
  "n_samples": 10000,
  "positive_ratio": 0.4443,
  "model_path": "/home/acreomarino/privads/models/interaction_predictor.pkl",
  "scaler_path": "/home/acreomarino/privads/models/interaction_scaler.pkl"
}